{
  "Profiles" : [
    {
      "Cursor Color" : {
        "Green Component" : 0.73333334922790527,
        "Blue Component" : 0.73333334922790527,
        "Red Component" : 0.73333334922790527
      },
      "Selected Text Color" : {
        "Green Component" : 0,
        "Blue Component" : 0,
        "Red Component" : 0
      },
      "Only The Default BG Color Uses Transparency" : true,
      "Unlimited Scrollback" : true,
      "Bold Color" : {
        "Green Component" : 1,
        "Blue Component" : 1,
        "Red Component" : 1
      },
      "Name" : "Custom",
      "Ansi 5 Color" : {
        "Green Component" : 0,
        "Blue Component" : 0.73333334922790527,
        "Red Component" : 0.73333334922790527
      },
      "Foreground Color" : {
        "Green Component" : 0.73333334922790527,
        "Blue Component" : 0.73333334922790527,
        "Red Component" : 0.73333334922790527
      },
      "Ansi 4 Color" : {
        "Green Component" : 0,
        "Blue Component" : 0.73333334922790527,
        "Red Component" : 0
      },
      "Dynamic Profile Parent Name" : "Default",
      "Flashing Bell" : true,
      "Ansi 10 Color" : {
        "Green Component" : 1,
        "Blue Component" : 0.3333333432674408,
        "Red Component" : 0.3333333432674408
      },
      "Silence Bell" : true,
      "Ansi 3 Color" : {
        "Green Component" : 0.73333334922790527,
        "Blue Component" : 0,
        "Red Component" : 0.73333334922790527
      },
      "Blur Radius" : 0.10000000000000001,
      "Ansi 12 Color" : {
        "Green Component" : 0.3333333432674408,
        "Blue Component" : 1,
        "Red Component" : 0.3333333432674408
      },
      "Ansi 14 Color" : {
        "Green Component" : 1,
        "Blue Component" : 1,
        "Red Component" : 0.3333333432674408
      },
      "Use Separate Colors for Light and Dark Mode" : false,
      "Ansi 2 Color" : {
        "Green Component" : 0.73333334922790527,
        "Blue Component" : 0,
        "Red Component" : 0
      },
      "Guid" : "878B4854-F6C5-4E98-9D71-278857101B22",
      "Ansi 9 Color" : {
        "Green Component" : 0.3333333432674408,
        "Blue Component" : 0.3333333432674408,
        "Red Component" : 1
      },
      "Blur" : true,
      "Transparency" : 0.14999999999999999,
      "Selection Color" : {
        "Green Component" : 0.8353000283241272,
        "Blue Component" : 1,
        "Red Component" : 0.70980000495910645
      },
      "Ansi 1 Color" : {
        "Green Component" : 0,
        "Blue Component" : 0,
        "Red Component" : 0.73333334922790527
      },
      "Ansi 8 Color" : {
        "Green Component" : 0.3333333432674408,
        "Blue Component" : 0.3333333432674408,
        "Red Component" : 0.3333333432674408
      },
      "Rewritable" : true,
      "Background Color" : {
        "Green Component" : 0,
        "Blue Component" : 0,
        "Red Component" : 0
      },
      "Ansi 0 Color" : {
        "Green Component" : 0,
        "Blue Component" : 0,
        "Red Component" : 0
      },
      "Ansi 7 Color" : {
        "Green Component" : 0.73333334922790527,
        "Blue Component" : 0.73333334922790527,
        "Red Component" : 0.73333334922790527
      },
      "Custom Directory" : "Recycle",
      "Cursor Text Color" : {
        "Green Component" : 1,
        "Blue Component" : 1,
        "Red Component" : 1
      },
      "Scrollback Lines" : 0,
      "Ansi 11 Color" : {
        "Green Component" : 1,
        "Blue Component" : 0.3333333432674408,
        "Red Component" : 1
      },
      "Normal Font" : "FiraCodeRoman-Regular 18",
      "Ansi 13 Color" : {
        "Green Component" : 0.3333333432674408,
        "Blue Component" : 1,
        "Red Component" : 1
      },
      "Ansi 15 Color" : {
        "Green Component" : 1,
        "Blue Component" : 1,
        "Red Component" : 1
      },
      "Draw Powerline Glyphs" : true,
      "Ansi 6 Color" : {
        "Green Component" : 0.73333334922790527,
        "Blue Component" : 0.73333334922790527,
        "Red Component" : 0
      }
    }
  ]
}